"LOCATION","INDICATOR","SUBJECT","MEASURE","FREQUENCY","TIME","Value","Flag Codes"
"AUS","EDUTRY","55_64","PC_AGE","A","1989",20.447395,
"AUS","EDUTRY","55_64","PC_AGE","A","1991",19.529638,
"AUS","EDUTRY","55_64","PC_AGE","A","1993",13.459139,
"AUS","EDUTRY","55_64","PC_AGE","A","1994",14.730075,
"AUS","EDUTRY","55_64","PC_AGE","A","1995",17.189764,
"AUS","EDUTRY","55_64","PC_AGE","A","1997",17.064829,
"AUS","EDUTRY","55_64","PC_AGE","A","1998",16.993547,
"AUS","EDUTRY","55_64","PC_AGE","A","1999",17.52562,
"AUS","EDUTRY","55_64","PC_AGE","A","2000",19.078743,
"AUS","EDUTRY","55_64","PC_AGE","A","2001",21.109446,
"AUS","EDUTRY","55_64","PC_AGE","A","2002",22.466177,
"AUS","EDUTRY","55_64","PC_AGE","A","2003",23.289482,
"AUS","EDUTRY","55_64","PC_AGE","A","2004",22.983805,
"AUS","EDUTRY","55_64","PC_AGE","A","2005",23.848448,
"AUS","EDUTRY","55_64","PC_AGE","A","2006",26.262804,
"AUS","EDUTRY","55_64","PC_AGE","A","2007",26.55913,
"AUS","EDUTRY","55_64","PC_AGE","A","2008",28.661993,
"AUS","EDUTRY","55_64","PC_AGE","A","2009",29.295675,
"AUS","EDUTRY","55_64","PC_AGE","A","2010",29.629946,
"AUS","EDUTRY","55_64","PC_AGE","A","2011",30.254328,
"AUS","EDUTRY","55_64","PC_AGE","A","2012",33.030785,
"AUS","EDUTRY","55_64","PC_AGE","A","2013",30.122944,
"AUS","EDUTRY","55_64","PC_AGE","A","2014",33.478767,
"AUS","EDUTRY","55_64","PC_AGE","A","2015",33.931976,
"AUS","EDUTRY","55_64","PC_AGE","A","2016",34.965424,
"AUS","EDUTRY","55_64","PC_AGE","A","2017",33.846718,
"AUS","EDUTRY","55_64","PC_AGE","A","2018",34.811333,
"AUS","EDUTRY","55_64","PC_AGE","A","2019",34.93531,
"AUS","EDUTRY","55_64","PC_AGE","A","2020",36.33168,
"AUS","EDUTRY","55_64","PC_AGE","A","2021",37.090645,
"AUS","EDUTRY","55_64","PC_AGE","A","2022",38.752602,
"CAN","EDUTRY","55_64","PC_AGE","A","1981",13.204823,
"CAN","EDUTRY","55_64","PC_AGE","A","1990",15.607909,
"CAN","EDUTRY","55_64","PC_AGE","A","1991",16.659708,
"CAN","EDUTRY","55_64","PC_AGE","A","1992",16.715298,
"CAN","EDUTRY","55_64","PC_AGE","A","1993",18.317448,
"CAN","EDUTRY","55_64","PC_AGE","A","1994",21.13254,
"CAN","EDUTRY","55_64","PC_AGE","A","1995",21.541582,
"CAN","EDUTRY","55_64","PC_AGE","A","1996",23.206413,
"CAN","EDUTRY","55_64","PC_AGE","A","1997",24.390244,
"CAN","EDUTRY","55_64","PC_AGE","A","1998",25.806452,
"CAN","EDUTRY","55_64","PC_AGE","A","1999",27.506523,
"CAN","EDUTRY","55_64","PC_AGE","A","2000",28.338762,
"CAN","EDUTRY","55_64","PC_AGE","A","2001",30.277779,
"CAN","EDUTRY","55_64","PC_AGE","A","2002",32.148731,
"CAN","EDUTRY","55_64","PC_AGE","A","2003",33.708218,
"CAN","EDUTRY","55_64","PC_AGE","A","2004",34.538391,
"CAN","EDUTRY","55_64","PC_AGE","A","2005",36.376644,
"CAN","EDUTRY","55_64","PC_AGE","A","2006",37.5,
"CAN","EDUTRY","55_64","PC_AGE","A","2007",38.916908,
"CAN","EDUTRY","55_64","PC_AGE","A","2008",39.917908,
"CAN","EDUTRY","55_64","PC_AGE","A","2009",40.583294,
"CAN","EDUTRY","55_64","PC_AGE","A","2010",41.982368,
"CAN","EDUTRY","55_64","PC_AGE","A","2011",42.342342,
"CAN","EDUTRY","55_64","PC_AGE","A","2012",44.215996,
"CAN","EDUTRY","55_64","PC_AGE","A","2013",44.616062,
"CAN","EDUTRY","55_64","PC_AGE","A","2014",45.068905,
"CAN","EDUTRY","55_64","PC_AGE","A","2015",45.659027,
"CAN","EDUTRY","55_64","PC_AGE","A","2016",46.21072,
"CAN","EDUTRY","55_64","PC_AGE","A","2017",46.512562,
"CAN","EDUTRY","55_64","PC_AGE","A","2018",47.720543,
"CAN","EDUTRY","55_64","PC_AGE","A","2019",49.815067,
"CAN","EDUTRY","55_64","PC_AGE","A","2020",49.961525,
"CAN","EDUTRY","55_64","PC_AGE","A","2021",51.683662,
"CAN","EDUTRY","55_64","PC_AGE","A","2022",53.230175,
"CHE","EDUTRY","55_64","PC_AGE","A","1989",20.293449,
"CHE","EDUTRY","55_64","PC_AGE","A","1991",15.46312,
"CHE","EDUTRY","55_64","PC_AGE","A","1992",16.992916,
"CHE","EDUTRY","55_64","PC_AGE","A","1994",16.894798,
"CHE","EDUTRY","55_64","PC_AGE","A","1995",17.442436,
"CHE","EDUTRY","55_64","PC_AGE","A","1997",16.455894,
"CHE","EDUTRY","55_64","PC_AGE","A","1998",18.033012,
"CHE","EDUTRY","55_64","PC_AGE","A","1999",17.85434,
"CHE","EDUTRY","55_64","PC_AGE","A","2000",18.348803,
"CHE","EDUTRY","55_64","PC_AGE","A","2001",20.242687,
"CHE","EDUTRY","55_64","PC_AGE","A","2002",21.291384,
"CHE","EDUTRY","55_64","PC_AGE","A","2003",22.020067,
"CHE","EDUTRY","55_64","PC_AGE","A","2004",22.07539,
"CHE","EDUTRY","55_64","PC_AGE","A","2005",22.098343,
"CHE","EDUTRY","55_64","PC_AGE","A","2006",23.545841,
"CHE","EDUTRY","55_64","PC_AGE","A","2007",25.646887,
"CHE","EDUTRY","55_64","PC_AGE","A","2008",27.333345,
"CHE","EDUTRY","55_64","PC_AGE","A","2009",28.292376,
"CHE","EDUTRY","55_64","PC_AGE","A","2010",27.552511,
"CHE","EDUTRY","55_64","PC_AGE","A","2011",26.311302,
"CHE","EDUTRY","55_64","PC_AGE","A","2012",27.5916,
"CHE","EDUTRY","55_64","PC_AGE","A","2013",29.066446,
"CHE","EDUTRY","55_64","PC_AGE","A","2014",29.646446,
"CHE","EDUTRY","55_64","PC_AGE","A","2015",30.583302,
"CHE","EDUTRY","55_64","PC_AGE","A","2016",31.622665,
"CHE","EDUTRY","55_64","PC_AGE","A","2017",32.361843,
"CHE","EDUTRY","55_64","PC_AGE","A","2018",33.598095,
"CHE","EDUTRY","55_64","PC_AGE","A","2019",34.060177,
"CHE","EDUTRY","55_64","PC_AGE","A","2020",34.74041,
"CHE","EDUTRY","55_64","PC_AGE","A","2021",34.291077,
"CHE","EDUTRY","55_64","PC_AGE","A","2022",34.510441,
"USA","EDUTRY","55_64","PC_AGE","A","1981",12.12428,
"USA","EDUTRY","55_64","PC_AGE","A","1982",12.72871,
"USA","EDUTRY","55_64","PC_AGE","A","1983",13.718398,
"USA","EDUTRY","55_64","PC_AGE","A","1984",14.191588,
"USA","EDUTRY","55_64","PC_AGE","A","1985",14.454889,
"USA","EDUTRY","55_64","PC_AGE","A","1986",14.492421,
"USA","EDUTRY","55_64","PC_AGE","A","1987",14.963744,
"USA","EDUTRY","55_64","PC_AGE","A","1988",15.114811,
"USA","EDUTRY","55_64","PC_AGE","A","1989",16.346725,
"USA","EDUTRY","55_64","PC_AGE","A","1990",17.26125,
"USA","EDUTRY","55_64","PC_AGE","A","1991",17.050502,
"USA","EDUTRY","55_64","PC_AGE","A","1992",21.855442,
"USA","EDUTRY","55_64","PC_AGE","A","1993",23.050718,
"USA","EDUTRY","55_64","PC_AGE","A","1994",23.578884,
"USA","EDUTRY","55_64","PC_AGE","A","1995",24.272549,
"USA","EDUTRY","55_64","PC_AGE","A","1996",25.646872,
"USA","EDUTRY","55_64","PC_AGE","A","1997",26.194794,
"USA","EDUTRY","55_64","PC_AGE","A","1998",27.230566,
"USA","EDUTRY","55_64","PC_AGE","A","1999",27.990015,
"USA","EDUTRY","55_64","PC_AGE","A","2000",29.663137,
"USA","EDUTRY","55_64","PC_AGE","A","2001",30.964481,
"USA","EDUTRY","55_64","PC_AGE","A","2002",33.201225,
"USA","EDUTRY","55_64","PC_AGE","A","2003",34.744209,
"USA","EDUTRY","55_64","PC_AGE","A","2004",36.159424,
"USA","EDUTRY","55_64","PC_AGE","A","2005",36.94767,
"USA","EDUTRY","55_64","PC_AGE","A","2006",37.67268,
"USA","EDUTRY","55_64","PC_AGE","A","2007",38.538773,
"USA","EDUTRY","55_64","PC_AGE","A","2008",40.03989,
"USA","EDUTRY","55_64","PC_AGE","A","2009",40.841053,
"USA","EDUTRY","55_64","PC_AGE","A","2010",40.960876,
"USA","EDUTRY","55_64","PC_AGE","A","2011",41.185768,
"USA","EDUTRY","55_64","PC_AGE","A","2012",41.812187,
"USA","EDUTRY","55_64","PC_AGE","A","2013",41.813168,
"USA","EDUTRY","55_64","PC_AGE","A","2014",41.037685,
"USA","EDUTRY","55_64","PC_AGE","A","2015",41.438072,
"USA","EDUTRY","55_64","PC_AGE","A","2016",41.91584,
"USA","EDUTRY","55_64","PC_AGE","A","2017",42.03458,
"USA","EDUTRY","55_64","PC_AGE","A","2018",42.640469,
"USA","EDUTRY","55_64","PC_AGE","A","2019",43.367798,
"USA","EDUTRY","55_64","PC_AGE","A","2020",44.349422,
"USA","EDUTRY","55_64","PC_AGE","A","2021",45.352783,
"USA","EDUTRY","55_64","PC_AGE","A","2022",44.732155,
"RUS","EDUTRY","55_64","PC_AGE","A","2010",46.482311,
"RUS","EDUTRY","55_64","PC_AGE","A","2011",46.947578,
"RUS","EDUTRY","55_64","PC_AGE","A","2012",46.828159,
"RUS","EDUTRY","55_64","PC_AGE","A","2013",46.891262,
"RUS","EDUTRY","55_64","PC_AGE","A","2014",46.53883,
"RUS","EDUTRY","55_64","PC_AGE","A","2015",47.449211,
"RUS","EDUTRY","55_64","PC_AGE","A","2016",47.46981,
"RUS","EDUTRY","55_64","PC_AGE","A","2017",50.660606,
"RUS","EDUTRY","55_64","PC_AGE","A","2018",50.27626,
"BEL","EDUTRY","55_64","PC_AGE","A","1989",7.0855465,
"BEL","EDUTRY","55_64","PC_AGE","A","1991",8.5589781,
"BEL","EDUTRY","55_64","PC_AGE","A","1992",9.2124882,
"BEL","EDUTRY","55_64","PC_AGE","A","1994",11.10972,
"BEL","EDUTRY","55_64","PC_AGE","A","1995",13.086067,
"BEL","EDUTRY","55_64","PC_AGE","A","2000",16.779444,
"BEL","EDUTRY","55_64","PC_AGE","A","2001",17.126736,
"BEL","EDUTRY","55_64","PC_AGE","A","2002",18.204819,
"BEL","EDUTRY","55_64","PC_AGE","A","2003",18.861479,
"BEL","EDUTRY","55_64","PC_AGE","A","2004",20.00956,
"BEL","EDUTRY","55_64","PC_AGE","A","2005",21.874332,
"BEL","EDUTRY","55_64","PC_AGE","A","2006",22.483383,
"BEL","EDUTRY","55_64","PC_AGE","A","2007",22.317299,
"BEL","EDUTRY","55_64","PC_AGE","A","2008",22.274035,
"BEL","EDUTRY","55_64","PC_AGE","A","2009",23.355375,
"BEL","EDUTRY","55_64","PC_AGE","A","2010",25.633341,
"BEL","EDUTRY","55_64","PC_AGE","A","2011",25.141798,
"BEL","EDUTRY","55_64","PC_AGE","A","2012",25.341034,
"BEL","EDUTRY","55_64","PC_AGE","A","2013",25.990313,
"BEL","EDUTRY","55_64","PC_AGE","A","2014",26.3417,
"BEL","EDUTRY","55_64","PC_AGE","A","2015",26.898981,
"BEL","EDUTRY","55_64","PC_AGE","A","2016",27.489843,
"BEL","EDUTRY","55_64","PC_AGE","A","2017",30.489338,
"BEL","EDUTRY","55_64","PC_AGE","A","2018",30.715139,
"BEL","EDUTRY","55_64","PC_AGE","A","2019",30.803074,
"BEL","EDUTRY","55_64","PC_AGE","A","2020",32.240898,
"BEL","EDUTRY","55_64","PC_AGE","A","2021",35.398903,
"BEL","EDUTRY","55_64","PC_AGE","A","2022",36.252041,
"PRT","EDUTRY","55_64","PC_AGE","A","1994",5.6147227,
"PRT","EDUTRY","55_64","PC_AGE","A","1995",5.8703938,
"PRT","EDUTRY","55_64","PC_AGE","A","1998",4.575603,
"PRT","EDUTRY","55_64","PC_AGE","A","1999",4.4826388,
"PRT","EDUTRY","55_64","PC_AGE","A","2000",4.748065,
"PRT","EDUTRY","55_64","PC_AGE","A","2001",4.8663368,
"PRT","EDUTRY","55_64","PC_AGE","A","2002",4.545001,
"PRT","EDUTRY","55_64","PC_AGE","A","2003",5.447752,
"PRT","EDUTRY","55_64","PC_AGE","A","2004",6.7358427,
"PRT","EDUTRY","55_64","PC_AGE","A","2005",7.3680496,
"PRT","EDUTRY","55_64","PC_AGE","A","2006",7.2583828,
"PRT","EDUTRY","55_64","PC_AGE","A","2007",7.3817739,
"PRT","EDUTRY","55_64","PC_AGE","A","2008",7.6614394,
"PRT","EDUTRY","55_64","PC_AGE","A","2009",7.425487,
"PRT","EDUTRY","55_64","PC_AGE","A","2010",8.8983746,
"PRT","EDUTRY","55_64","PC_AGE","A","2011",10.915943,
"PRT","EDUTRY","55_64","PC_AGE","A","2012",11.069128,
"PRT","EDUTRY","55_64","PC_AGE","A","2013",11.586498,
"PRT","EDUTRY","55_64","PC_AGE","A","2014",12.843122,
"PRT","EDUTRY","55_64","PC_AGE","A","2015",12.85942,
"PRT","EDUTRY","55_64","PC_AGE","A","2016",13.15822,
"PRT","EDUTRY","55_64","PC_AGE","A","2017",13.212984,
"PRT","EDUTRY","55_64","PC_AGE","A","2018",14.204625,
"PRT","EDUTRY","55_64","PC_AGE","A","2019",15.112891,
"PRT","EDUTRY","55_64","PC_AGE","A","2020",16.854103,
"PRT","EDUTRY","55_64","PC_AGE","A","2021",17.627455,
"PRT","EDUTRY","55_64","PC_AGE","A","2022",18.294449,
"SWE","EDUTRY","55_64","PC_AGE","A","1981",8.3341885,
"SWE","EDUTRY","55_64","PC_AGE","A","1989",13.510101,
"SWE","EDUTRY","55_64","PC_AGE","A","1991",15.484711,
"SWE","EDUTRY","55_64","PC_AGE","A","1992",16.54866,
"SWE","EDUTRY","55_64","PC_AGE","A","1994",19.40056,
"SWE","EDUTRY","55_64","PC_AGE","A","1995",20.239437,
"SWE","EDUTRY","55_64","PC_AGE","A","1997",19.295944,
"SWE","EDUTRY","55_64","PC_AGE","A","1998",19.935244,
"SWE","EDUTRY","55_64","PC_AGE","A","1999",21.282751,
"SWE","EDUTRY","55_64","PC_AGE","A","2000",22.95986,
"SWE","EDUTRY","55_64","PC_AGE","A","2001",24.397238,
"SWE","EDUTRY","55_64","PC_AGE","A","2002",25.2076,
"SWE","EDUTRY","55_64","PC_AGE","A","2003",26.252851,
"SWE","EDUTRY","55_64","PC_AGE","A","2004",27.256327,
"SWE","EDUTRY","55_64","PC_AGE","A","2005",24.942545,
"SWE","EDUTRY","55_64","PC_AGE","A","2006",25.211771,
"SWE","EDUTRY","55_64","PC_AGE","A","2007",25.857979,
"SWE","EDUTRY","55_64","PC_AGE","A","2008",26.479799,
"SWE","EDUTRY","55_64","PC_AGE","A","2009",26.9135,
"SWE","EDUTRY","55_64","PC_AGE","A","2010",27.225634,
"SWE","EDUTRY","55_64","PC_AGE","A","2011",28.15571,
"SWE","EDUTRY","55_64","PC_AGE","A","2012",28.658314,
"SWE","EDUTRY","55_64","PC_AGE","A","2013",29.245855,
"SWE","EDUTRY","55_64","PC_AGE","A","2014",29.890686,
"SWE","EDUTRY","55_64","PC_AGE","A","2015",29.889202,
"SWE","EDUTRY","55_64","PC_AGE","A","2016",30.792175,
"SWE","EDUTRY","55_64","PC_AGE","A","2017",31.108749,
"SWE","EDUTRY","55_64","PC_AGE","A","2018",32.568508,
"SWE","EDUTRY","55_64","PC_AGE","A","2019",32.13031,
"SWE","EDUTRY","55_64","PC_AGE","A","2020",32.615288,
"SWE","EDUTRY","55_64","PC_AGE","A","2021",35.025383,
"SWE","EDUTRY","55_64","PC_AGE","A","2022",35.08147,
"GBR","EDUTRY","55_64","PC_AGE","A","1997",16.111513,
"GBR","EDUTRY","55_64","PC_AGE","A","1998",17.38994,
"GBR","EDUTRY","55_64","PC_AGE","A","1999",18.615892,
"GBR","EDUTRY","55_64","PC_AGE","A","2000",18.847181,
"GBR","EDUTRY","55_64","PC_AGE","A","2001",19.238113,
"GBR","EDUTRY","55_64","PC_AGE","A","2002",19.703602,
"GBR","EDUTRY","55_64","PC_AGE","A","2003",21.022694,
"GBR","EDUTRY","55_64","PC_AGE","A","2004",22.978037,
"GBR","EDUTRY","55_64","PC_AGE","A","2005",23.86194,
"GBR","EDUTRY","55_64","PC_AGE","A","2006",26.888226,
"GBR","EDUTRY","55_64","PC_AGE","A","2007",28.07645,
"GBR","EDUTRY","55_64","PC_AGE","A","2008",28.058311,
"GBR","EDUTRY","55_64","PC_AGE","A","2009",28.670229,
"GBR","EDUTRY","55_64","PC_AGE","A","2010",29.962238,
"GBR","EDUTRY","55_64","PC_AGE","A","2011",31.331953,
"GBR","EDUTRY","55_64","PC_AGE","A","2012",32.623226,
"GBR","EDUTRY","55_64","PC_AGE","A","2013",33.721207,
"GBR","EDUTRY","55_64","PC_AGE","A","2014",34.806614,
"GBR","EDUTRY","55_64","PC_AGE","A","2015",36.353416,
"GBR","EDUTRY","55_64","PC_AGE","A","2016",37.540337,
"GBR","EDUTRY","55_64","PC_AGE","A","2017",36.920013,
"GBR","EDUTRY","55_64","PC_AGE","A","2018",36.625004,
"GBR","EDUTRY","55_64","PC_AGE","A","2019",38.661789,
"GBR","EDUTRY","55_64","PC_AGE","A","2020",39.431053,
"GBR","EDUTRY","55_64","PC_AGE","A","2021",38.816242,
"GBR","EDUTRY","55_64","PC_AGE","A","2022",39.759472,
"CHN","EDUTRY","55_64","PC_AGE","A","2010",3.5992298,
"EST","EDUTRY","55_64","PC_AGE","A","1997",23.682529,
"EST","EDUTRY","55_64","PC_AGE","A","1998",25.261204,
"EST","EDUTRY","55_64","PC_AGE","A","1999",25.553324,
"EST","EDUTRY","55_64","PC_AGE","A","2000",26.537622,
"EST","EDUTRY","55_64","PC_AGE","A","2001",26.355293,
"EST","EDUTRY","55_64","PC_AGE","A","2002",26.954031,
"EST","EDUTRY","55_64","PC_AGE","A","2003",27.781866,
"EST","EDUTRY","55_64","PC_AGE","A","2004",28.235712,
"EST","EDUTRY","55_64","PC_AGE","A","2005",28.196772,
"EST","EDUTRY","55_64","PC_AGE","A","2006",27.532383,
"EST","EDUTRY","55_64","PC_AGE","A","2007",28.039997,
"EST","EDUTRY","55_64","PC_AGE","A","2008",31.498608,
"EST","EDUTRY","55_64","PC_AGE","A","2009",32.809189,
"EST","EDUTRY","55_64","PC_AGE","A","2010",30.469446,
"EST","EDUTRY","55_64","PC_AGE","A","2011",35.53289,
"EST","EDUTRY","55_64","PC_AGE","A","2012",35.909412,
"EST","EDUTRY","55_64","PC_AGE","A","2013",35.245232,
"EST","EDUTRY","55_64","PC_AGE","A","2014",35.655609,
"EST","EDUTRY","55_64","PC_AGE","A","2015",35.411835,
"EST","EDUTRY","55_64","PC_AGE","A","2016",36.096016,
"EST","EDUTRY","55_64","PC_AGE","A","2017",36.385414,
"EST","EDUTRY","55_64","PC_AGE","A","2018",38.065086,
"EST","EDUTRY","55_64","PC_AGE","A","2019",39.69622,
"EST","EDUTRY","55_64","PC_AGE","A","2020",39.163609,
"EST","EDUTRY","55_64","PC_AGE","A","2021",37.993744,
"EST","EDUTRY","55_64","PC_AGE","A","2022",39.919445,
"HUN","EDUTRY","55_64","PC_AGE","A","1997",8.4685812,
"HUN","EDUTRY","55_64","PC_AGE","A","1998",10.155375,
"HUN","EDUTRY","55_64","PC_AGE","A","1999",11.148397,
"HUN","EDUTRY","55_64","PC_AGE","A","2000",11.751672,
"HUN","EDUTRY","55_64","PC_AGE","A","2001",11.547699,
"HUN","EDUTRY","55_64","PC_AGE","A","2002",12.611444,
"HUN","EDUTRY","55_64","PC_AGE","A","2003",13.83572,
"HUN","EDUTRY","55_64","PC_AGE","A","2004",14.421756,
"HUN","EDUTRY","55_64","PC_AGE","A","2005",14.626214,
"HUN","EDUTRY","55_64","PC_AGE","A","2006",15.417338,
"HUN","EDUTRY","55_64","PC_AGE","A","2007",15.707612,
"HUN","EDUTRY","55_64","PC_AGE","A","2008",16.09292,
"HUN","EDUTRY","55_64","PC_AGE","A","2009",16.277611,
"HUN","EDUTRY","55_64","PC_AGE","A","2010",16.47987,
"HUN","EDUTRY","55_64","PC_AGE","A","2011",16.328648,
"HUN","EDUTRY","55_64","PC_AGE","A","2012",15.443266,
"HUN","EDUTRY","55_64","PC_AGE","A","2013",15.968519,
"HUN","EDUTRY","55_64","PC_AGE","A","2014",16.912523,
"HUN","EDUTRY","55_64","PC_AGE","A","2015",17.484018,
"HUN","EDUTRY","55_64","PC_AGE","A","2016",17.239086,
"HUN","EDUTRY","55_64","PC_AGE","A","2017",17.693697,
"HUN","EDUTRY","55_64","PC_AGE","A","2018",18.209913,
"HUN","EDUTRY","55_64","PC_AGE","A","2019",19.154903,
"HUN","EDUTRY","55_64","PC_AGE","A","2020",20.352089,
"HUN","EDUTRY","55_64","PC_AGE","A","2021",22.518917,
"HUN","EDUTRY","55_64","PC_AGE","A","2022",22.102997,
"ITA","EDUTRY","55_64","PC_AGE","A","1989",3.2125673,
"ITA","EDUTRY","55_64","PC_AGE","A","1991",3.2745216,
"ITA","EDUTRY","55_64","PC_AGE","A","1992",3.4807291,
"ITA","EDUTRY","55_64","PC_AGE","A","1994",4.1979012,
"ITA","EDUTRY","55_64","PC_AGE","A","1995",4.4261065,
"ITA","EDUTRY","55_64","PC_AGE","A","1998",4.832994,
"ITA","EDUTRY","55_64","PC_AGE","A","1999",5.4686432,
"ITA","EDUTRY","55_64","PC_AGE","A","2000",5.5298758,
"ITA","EDUTRY","55_64","PC_AGE","A","2001",6.1882243,
"ITA","EDUTRY","55_64","PC_AGE","A","2002",6.7257466,
"ITA","EDUTRY","55_64","PC_AGE","A","2003",6.873836,
"ITA","EDUTRY","55_64","PC_AGE","A","2004",7.4181457,
"ITA","EDUTRY","55_64","PC_AGE","A","2005",8.0221233,
"ITA","EDUTRY","55_64","PC_AGE","A","2006",8.5831757,
"ITA","EDUTRY","55_64","PC_AGE","A","2007",9.3568697,
"ITA","EDUTRY","55_64","PC_AGE","A","2008",9.8406401,
"ITA","EDUTRY","55_64","PC_AGE","A","2009",10.266383,
"ITA","EDUTRY","55_64","PC_AGE","A","2010",10.674056,
"ITA","EDUTRY","55_64","PC_AGE","A","2011",10.844942,
"ITA","EDUTRY","55_64","PC_AGE","A","2012",11.424564,
"ITA","EDUTRY","55_64","PC_AGE","A","2013",11.918595,
"ITA","EDUTRY","55_64","PC_AGE","A","2014",12.347163,
"ITA","EDUTRY","55_64","PC_AGE","A","2015",12.251569,
"ITA","EDUTRY","55_64","PC_AGE","A","2016",12.385381,
"ITA","EDUTRY","55_64","PC_AGE","A","2017",12.75355,
"ITA","EDUTRY","55_64","PC_AGE","A","2018",13.00257,
"ITA","EDUTRY","55_64","PC_AGE","A","2019",12.77423,
"ITA","EDUTRY","55_64","PC_AGE","A","2020",12.822833,
"ITA","EDUTRY","55_64","PC_AGE","A","2021",12.742562,
"ITA","EDUTRY","55_64","PC_AGE","A","2022",12.433628,
"LUX","EDUTRY","55_64","PC_AGE","A","2000",13.039462,
"LUX","EDUTRY","55_64","PC_AGE","A","2005",18.601055,
"LUX","EDUTRY","55_64","PC_AGE","A","2006",18.191267,
"LUX","EDUTRY","55_64","PC_AGE","A","2007",18.899284,
"LUX","EDUTRY","55_64","PC_AGE","A","2008",19.358656,
"LUX","EDUTRY","55_64","PC_AGE","A","2009",24.946316,
"LUX","EDUTRY","55_64","PC_AGE","A","2010",25.257395,
"LUX","EDUTRY","55_64","PC_AGE","A","2011",28.257397,
"LUX","EDUTRY","55_64","PC_AGE","A","2012",26.439566,
"LUX","EDUTRY","55_64","PC_AGE","A","2013",27.39637,
"LUX","EDUTRY","55_64","PC_AGE","A","2014",31.733719,
"LUX","EDUTRY","55_64","PC_AGE","A","2015",26.164223,
"LUX","EDUTRY","55_64","PC_AGE","A","2016",27.473686,
"LUX","EDUTRY","55_64","PC_AGE","A","2017",22.543402,
"LUX","EDUTRY","55_64","PC_AGE","A","2018",27.980574,
"LUX","EDUTRY","55_64","PC_AGE","A","2019",35.72953,
"LUX","EDUTRY","55_64","PC_AGE","A","2020",33.925625,
"LUX","EDUTRY","55_64","PC_AGE","A","2021",32.420097,
"LUX","EDUTRY","55_64","PC_AGE","A","2022",35.043858,
"NZL","EDUTRY","55_64","PC_AGE","A","2014",28.944292,
"NZL","EDUTRY","55_64","PC_AGE","A","2015",27.458397,
"NZL","EDUTRY","55_64","PC_AGE","A","2016",28.230469,
"NZL","EDUTRY","55_64","PC_AGE","A","2017",29.476734,
"NZL","EDUTRY","55_64","PC_AGE","A","2018",30.390432,
"NZL","EDUTRY","55_64","PC_AGE","A","2019",30.204012,
"NZL","EDUTRY","55_64","PC_AGE","A","2020",31.513025,
"NZL","EDUTRY","55_64","PC_AGE","A","2021",32.098972,
"NZL","EDUTRY","55_64","PC_AGE","A","2022",31.559814,
"SVN","EDUTRY","55_64","PC_AGE","A","2000",12.432352,
"SVN","EDUTRY","55_64","PC_AGE","A","2002",12.31663,
"SVN","EDUTRY","55_64","PC_AGE","A","2003",13.60805,
"SVN","EDUTRY","55_64","PC_AGE","A","2004",15.133462,
"SVN","EDUTRY","55_64","PC_AGE","A","2005",16.284931,
"SVN","EDUTRY","55_64","PC_AGE","A","2006",15.890606,
"SVN","EDUTRY","55_64","PC_AGE","A","2007",15.589691,
"SVN","EDUTRY","55_64","PC_AGE","A","2008",16.059164,
"SVN","EDUTRY","55_64","PC_AGE","A","2009",16.676975,
"SVN","EDUTRY","55_64","PC_AGE","A","2010",16.298948,
"SVN","EDUTRY","55_64","PC_AGE","A","2011",16.441532,
"SVN","EDUTRY","55_64","PC_AGE","A","2012",17.160013,
"SVN","EDUTRY","55_64","PC_AGE","A","2013",18.291885,
"SVN","EDUTRY","55_64","PC_AGE","A","2014",17.947746,
"SVN","EDUTRY","55_64","PC_AGE","A","2015",18.879032,
"SVN","EDUTRY","55_64","PC_AGE","A","2016",19.108551,
"SVN","EDUTRY","55_64","PC_AGE","A","2017",19.676037,
"SVN","EDUTRY","55_64","PC_AGE","A","2018",21.109079,
"SVN","EDUTRY","55_64","PC_AGE","A","2019",21.74276,
"SVN","EDUTRY","55_64","PC_AGE","A","2020",24.017242,
"SVN","EDUTRY","55_64","PC_AGE","A","2021",27.399513,
"SVN","EDUTRY","55_64","PC_AGE","A","2022",27.77495,
"AUT","EDUTRY","55_64","PC_AGE","A","2004",18.576481,
"AUT","EDUTRY","55_64","PC_AGE","A","2005",17.734337,
"AUT","EDUTRY","55_64","PC_AGE","A","2006",17.647579,
"AUT","EDUTRY","55_64","PC_AGE","A","2007",17.450813,
"AUT","EDUTRY","55_64","PC_AGE","A","2008",18.960167,
"AUT","EDUTRY","55_64","PC_AGE","A","2009",19.413506,
"AUT","EDUTRY","55_64","PC_AGE","A","2010",20.383823,
"AUT","EDUTRY","55_64","PC_AGE","A","2011",19.634041,
"AUT","EDUTRY","55_64","PC_AGE","A","2012",20.986544,
"AUT","EDUTRY","55_64","PC_AGE","A","2013",21.221413,
"AUT","EDUTRY","55_64","PC_AGE","A","2014",21.348083,
"AUT","EDUTRY","55_64","PC_AGE","A","2015",21.790869,
"AUT","EDUTRY","55_64","PC_AGE","A","2016",22.866629,
"AUT","EDUTRY","55_64","PC_AGE","A","2017",23.439724,
"AUT","EDUTRY","55_64","PC_AGE","A","2018",23.819229,
"AUT","EDUTRY","55_64","PC_AGE","A","2019",25.15774,
"AUT","EDUTRY","55_64","PC_AGE","A","2020",25.429699,
"AUT","EDUTRY","55_64","PC_AGE","A","2021",25.803972,
"AUT","EDUTRY","55_64","PC_AGE","A","2022",25.687681,
"CZE","EDUTRY","55_64","PC_AGE","A","1994",7.5814242,
"CZE","EDUTRY","55_64","PC_AGE","A","1995",8.2861586,
"CZE","EDUTRY","55_64","PC_AGE","A","1997",7.9191918,
"CZE","EDUTRY","55_64","PC_AGE","A","1998",8.4765472,
"CZE","EDUTRY","55_64","PC_AGE","A","1999",9.4054708,
"CZE","EDUTRY","55_64","PC_AGE","A","2000",9.1170969,
"CZE","EDUTRY","55_64","PC_AGE","A","2001",9.3411789,
"CZE","EDUTRY","55_64","PC_AGE","A","2002",10.623501,
"CZE","EDUTRY","55_64","PC_AGE","A","2003",10.273388,
"CZE","EDUTRY","55_64","PC_AGE","A","2004",10.206662,
"CZE","EDUTRY","55_64","PC_AGE","A","2005",10.674774,
"CZE","EDUTRY","55_64","PC_AGE","A","2006",11.090861,
"CZE","EDUTRY","55_64","PC_AGE","A","2007",10.65239,
"CZE","EDUTRY","55_64","PC_AGE","A","2008",10.622328,
"CZE","EDUTRY","55_64","PC_AGE","A","2009",10.820425,
"CZE","EDUTRY","55_64","PC_AGE","A","2010",11.532818,
"CZE","EDUTRY","55_64","PC_AGE","A","2011",12.138726,
"CZE","EDUTRY","55_64","PC_AGE","A","2012",12.634169,
"CZE","EDUTRY","55_64","PC_AGE","A","2013",13.982365,
"CZE","EDUTRY","55_64","PC_AGE","A","2014",15.144274,
"CZE","EDUTRY","55_64","PC_AGE","A","2015",14.464107,
"CZE","EDUTRY","55_64","PC_AGE","A","2016",15.547841,
"CZE","EDUTRY","55_64","PC_AGE","A","2017",16.553169,
"CZE","EDUTRY","55_64","PC_AGE","A","2018",17.25849,
"CZE","EDUTRY","55_64","PC_AGE","A","2019",17.72208,
"CZE","EDUTRY","55_64","PC_AGE","A","2020",17.682322,
"CZE","EDUTRY","55_64","PC_AGE","A","2021",18.334219,
"CZE","EDUTRY","55_64","PC_AGE","A","2022",18.749138,
"FRA","EDUTRY","55_64","PC_AGE","A","1981",5.8116059,
"FRA","EDUTRY","55_64","PC_AGE","A","1989",6.4586864,
"FRA","EDUTRY","55_64","PC_AGE","A","1991",6.6053443,
"FRA","EDUTRY","55_64","PC_AGE","A","1992",7.3216763,
"FRA","EDUTRY","55_64","PC_AGE","A","1994",8.4115839,
"FRA","EDUTRY","55_64","PC_AGE","A","1995",8.8687944,
"FRA","EDUTRY","55_64","PC_AGE","A","1997",10.46591,
"FRA","EDUTRY","55_64","PC_AGE","A","1998",11.241883,
"FRA","EDUTRY","55_64","PC_AGE","A","1999",12.419321,
"FRA","EDUTRY","55_64","PC_AGE","A","2000",12.904791,
"FRA","EDUTRY","55_64","PC_AGE","A","2001",14.118081,
"FRA","EDUTRY","55_64","PC_AGE","A","2002",15.163007,
"FRA","EDUTRY","55_64","PC_AGE","A","2003",14.002656,
"FRA","EDUTRY","55_64","PC_AGE","A","2004",14.830506,
"FRA","EDUTRY","55_64","PC_AGE","A","2005",16.120726,
"FRA","EDUTRY","55_64","PC_AGE","A","2006",15.951933,
"FRA","EDUTRY","55_64","PC_AGE","A","2007",16.528402,
"FRA","EDUTRY","55_64","PC_AGE","A","2008",17.30196,
"FRA","EDUTRY","55_64","PC_AGE","A","2009",17.980341,
"FRA","EDUTRY","55_64","PC_AGE","A","2010",18.2812,
"FRA","EDUTRY","55_64","PC_AGE","A","2011",18.65066,
"FRA","EDUTRY","55_64","PC_AGE","A","2012",19.599545,
"FRA","EDUTRY","55_64","PC_AGE","A","2013",20.269491,
"FRA","EDUTRY","55_64","PC_AGE","A","2014",21.62896,
"FRA","EDUTRY","55_64","PC_AGE","A","2015",22.125341,
"FRA","EDUTRY","55_64","PC_AGE","A","2016",22.060652,
"FRA","EDUTRY","55_64","PC_AGE","A","2017",22.815599,
"FRA","EDUTRY","55_64","PC_AGE","A","2018",23.984407,
"FRA","EDUTRY","55_64","PC_AGE","A","2019",24.419941,
"FRA","EDUTRY","55_64","PC_AGE","A","2020",26.389603,
"FRA","EDUTRY","55_64","PC_AGE","A","2021",26.594772,
"FRA","EDUTRY","55_64","PC_AGE","A","2022",27.693666,
"CHL","EDUTRY","55_64","PC_AGE","A","2009",13.652932,
"CHL","EDUTRY","55_64","PC_AGE","A","2011",13.061313,
"CHL","EDUTRY","55_64","PC_AGE","A","2013",14.499148,
"CHL","EDUTRY","55_64","PC_AGE","A","2015",15.58989,
"CHL","EDUTRY","55_64","PC_AGE","A","2017",16.010725,
"CHL","EDUTRY","55_64","PC_AGE","A","2020",18.939341,
"NLD","EDUTRY","55_64","PC_AGE","A","1990",11.532951,
"NLD","EDUTRY","55_64","PC_AGE","A","1991",12.179487,
"NLD","EDUTRY","55_64","PC_AGE","A","1992",13.200851,
"NLD","EDUTRY","55_64","PC_AGE","A","1994",14.355742,
"NLD","EDUTRY","55_64","PC_AGE","A","1995",14.196676,
"NLD","EDUTRY","55_64","PC_AGE","A","1998",16.856188,
"NLD","EDUTRY","55_64","PC_AGE","A","2000",17.670029,
"NLD","EDUTRY","55_64","PC_AGE","A","2001",17.383293,
"NLD","EDUTRY","55_64","PC_AGE","A","2002",19.62184,
"NLD","EDUTRY","55_64","PC_AGE","A","2003",21.935534,
"NLD","EDUTRY","55_64","PC_AGE","A","2004",23.967527,
"NLD","EDUTRY","55_64","PC_AGE","A","2005",24.434441,
"NLD","EDUTRY","55_64","PC_AGE","A","2006",24.59511,
"NLD","EDUTRY","55_64","PC_AGE","A","2007",25.768791,
"NLD","EDUTRY","55_64","PC_AGE","A","2008",26.461588,
"NLD","EDUTRY","55_64","PC_AGE","A","2009",27.407803,
"NLD","EDUTRY","55_64","PC_AGE","A","2010",25.9916,
"NLD","EDUTRY","55_64","PC_AGE","A","2011",25.872499,
"NLD","EDUTRY","55_64","PC_AGE","A","2012",27.8543,
"NLD","EDUTRY","55_64","PC_AGE","A","2013",28.432667,
"NLD","EDUTRY","55_64","PC_AGE","A","2014",28.249592,
"NLD","EDUTRY","55_64","PC_AGE","A","2015",28.555567,
"NLD","EDUTRY","55_64","PC_AGE","A","2016",29.35091,
"NLD","EDUTRY","55_64","PC_AGE","A","2017",29.594606,
"NLD","EDUTRY","55_64","PC_AGE","A","2018",30.951637,
"NLD","EDUTRY","55_64","PC_AGE","A","2019",32.437172,
"NLD","EDUTRY","55_64","PC_AGE","A","2020",31.972731,
"NLD","EDUTRY","55_64","PC_AGE","A","2021",30.537226,
"NLD","EDUTRY","55_64","PC_AGE","A","2022",31.242945,
"POL","EDUTRY","55_64","PC_AGE","A","1995",9.2868986,
"POL","EDUTRY","55_64","PC_AGE","A","1997",9.1435356,
"POL","EDUTRY","55_64","PC_AGE","A","1998",9.8797894,
"POL","EDUTRY","55_64","PC_AGE","A","1999",10.44997,
"POL","EDUTRY","55_64","PC_AGE","A","2000",9.8941002,
"POL","EDUTRY","55_64","PC_AGE","A","2001",10.15254,
"POL","EDUTRY","55_64","PC_AGE","A","2002",10.487546,
"POL","EDUTRY","55_64","PC_AGE","A","2003",11.095451,
"POL","EDUTRY","55_64","PC_AGE","A","2004",12.244304,
"POL","EDUTRY","55_64","PC_AGE","A","2005",12.724249,
"POL","EDUTRY","55_64","PC_AGE","A","2006",12.519728,
"POL","EDUTRY","55_64","PC_AGE","A","2007",12.271784,
"POL","EDUTRY","55_64","PC_AGE","A","2008",12.038917,
"POL","EDUTRY","55_64","PC_AGE","A","2009",12.628165,
"POL","EDUTRY","55_64","PC_AGE","A","2010",12.862058,
"POL","EDUTRY","55_64","PC_AGE","A","2011",12.801338,
"POL","EDUTRY","55_64","PC_AGE","A","2012",12.632824,
"POL","EDUTRY","55_64","PC_AGE","A","2013",13.200502,
"POL","EDUTRY","55_64","PC_AGE","A","2014",13.68884,
"POL","EDUTRY","55_64","PC_AGE","A","2015",13.60395,
"POL","EDUTRY","55_64","PC_AGE","A","2016",13.88941,
"POL","EDUTRY","55_64","PC_AGE","A","2017",15.109154,
"POL","EDUTRY","55_64","PC_AGE","A","2018",15.316555,
"POL","EDUTRY","55_64","PC_AGE","A","2019",15.962821,
"POL","EDUTRY","55_64","PC_AGE","A","2020",16.885086,
"POL","EDUTRY","55_64","PC_AGE","A","2021",17.263851,
"POL","EDUTRY","55_64","PC_AGE","A","2022",17.500223,
"ESP","EDUTRY","55_64","PC_AGE","A","1981",3.0890355,
"ESP","EDUTRY","55_64","PC_AGE","A","1991",4.2083092,
"ESP","EDUTRY","55_64","PC_AGE","A","1992",5.2010479,
"ESP","EDUTRY","55_64","PC_AGE","A","1994",5.6487241,
"ESP","EDUTRY","55_64","PC_AGE","A","1995",6.0426102,
"ESP","EDUTRY","55_64","PC_AGE","A","1997",7.6528735,
"ESP","EDUTRY","55_64","PC_AGE","A","1998",8.0826902,
"ESP","EDUTRY","55_64","PC_AGE","A","1999",8.6005611,
"ESP","EDUTRY","55_64","PC_AGE","A","2000",9.8010225,
"ESP","EDUTRY","55_64","PC_AGE","A","2001",10.527058,
"ESP","EDUTRY","55_64","PC_AGE","A","2002",10.955595,
"ESP","EDUTRY","55_64","PC_AGE","A","2003",11.372684,
"ESP","EDUTRY","55_64","PC_AGE","A","2004",12.390108,
"ESP","EDUTRY","55_64","PC_AGE","A","2005",14.469451,
"ESP","EDUTRY","55_64","PC_AGE","A","2006",15.30259,
"ESP","EDUTRY","55_64","PC_AGE","A","2007",15.865582,
"ESP","EDUTRY","55_64","PC_AGE","A","2008",15.900009,
"ESP","EDUTRY","55_64","PC_AGE","A","2009",16.414377,
"ESP","EDUTRY","55_64","PC_AGE","A","2010",17.646555,
"ESP","EDUTRY","55_64","PC_AGE","A","2011",18.595312,
"ESP","EDUTRY","55_64","PC_AGE","A","2012",19.025341,
"ESP","EDUTRY","55_64","PC_AGE","A","2013",20.213316,
"ESP","EDUTRY","55_64","PC_AGE","A","2014",21.161011,
"ESP","EDUTRY","55_64","PC_AGE","A","2015",22.806669,
"ESP","EDUTRY","55_64","PC_AGE","A","2016",23.221613,
"ESP","EDUTRY","55_64","PC_AGE","A","2017",24.170084,
"ESP","EDUTRY","55_64","PC_AGE","A","2018",25.096329,
"ESP","EDUTRY","55_64","PC_AGE","A","2019",26.662975,
"ESP","EDUTRY","55_64","PC_AGE","A","2020",28.247385,
"ESP","EDUTRY","55_64","PC_AGE","A","2021",29.693823,
"ESP","EDUTRY","55_64","PC_AGE","A","2022",30.200911,
"TUR","EDUTRY","55_64","PC_AGE","A","1991",4.5903702,
"TUR","EDUTRY","55_64","PC_AGE","A","1992",1.6514313,
"TUR","EDUTRY","55_64","PC_AGE","A","1994",4.2988739,
"TUR","EDUTRY","55_64","PC_AGE","A","1995",5.9341211,
"TUR","EDUTRY","55_64","PC_AGE","A","1997",4.6128502,
"TUR","EDUTRY","55_64","PC_AGE","A","1998",4.4722719,
"TUR","EDUTRY","55_64","PC_AGE","A","1999",5.2942295,
"TUR","EDUTRY","55_64","PC_AGE","A","2000",5.8823528,
"TUR","EDUTRY","55_64","PC_AGE","A","2001",5.8977232,
"TUR","EDUTRY","55_64","PC_AGE","A","2002",6.3256135,
"TUR","EDUTRY","55_64","PC_AGE","A","2003",7.2985468,
"TUR","EDUTRY","55_64","PC_AGE","A","2004",7.3486567,
"TUR","EDUTRY","55_64","PC_AGE","A","2005",7.8503528,
"TUR","EDUTRY","55_64","PC_AGE","A","2006",8.4936371,
"TUR","EDUTRY","55_64","PC_AGE","A","2007",8.6581287,
"TUR","EDUTRY","55_64","PC_AGE","A","2008",9.4576893,
"TUR","EDUTRY","55_64","PC_AGE","A","2009",9.9326181,
"TUR","EDUTRY","55_64","PC_AGE","A","2010",9.4565477,
"TUR","EDUTRY","55_64","PC_AGE","A","2011",9.8105545,
"TUR","EDUTRY","55_64","PC_AGE","A","2012",10.324925,
"TUR","EDUTRY","55_64","PC_AGE","A","2013",9.9697886,
"TUR","EDUTRY","55_64","PC_AGE","A","2014",9.9961329,
"TUR","EDUTRY","55_64","PC_AGE","A","2015",10.282258,
"TUR","EDUTRY","55_64","PC_AGE","A","2016",10.177762,
"TUR","EDUTRY","55_64","PC_AGE","A","2017",9.7605286,
"TUR","EDUTRY","55_64","PC_AGE","A","2018",10.014171,
"TUR","EDUTRY","55_64","PC_AGE","A","2019",10.968321,
"TUR","EDUTRY","55_64","PC_AGE","A","2021",10.765223,
"TUR","EDUTRY","55_64","PC_AGE","A","2022",10.777718,
"FIN","EDUTRY","55_64","PC_AGE","A","2000",23.423597,
"FIN","EDUTRY","55_64","PC_AGE","A","2003",25.038002,
"FIN","EDUTRY","55_64","PC_AGE","A","2004",25.675613,
"FIN","EDUTRY","55_64","PC_AGE","A","2005",26.531977,
"FIN","EDUTRY","55_64","PC_AGE","A","2006",27.300484,
"FIN","EDUTRY","55_64","PC_AGE","A","2007",28.225763,
"FIN","EDUTRY","55_64","PC_AGE","A","2008",28.547508,
"FIN","EDUTRY","55_64","PC_AGE","A","2009",28.963673,
"FIN","EDUTRY","55_64","PC_AGE","A","2010",30.063814,
"FIN","EDUTRY","55_64","PC_AGE","A","2011",31.283821,
"FIN","EDUTRY","55_64","PC_AGE","A","2012",31.385271,
"FIN","EDUTRY","55_64","PC_AGE","A","2013",31.800413,
"FIN","EDUTRY","55_64","PC_AGE","A","2014",34.174263,
"FIN","EDUTRY","55_64","PC_AGE","A","2015",36.346424,
"FIN","EDUTRY","55_64","PC_AGE","A","2016",37.021858,
"FIN","EDUTRY","55_64","PC_AGE","A","2017",38.493149,
"FIN","EDUTRY","55_64","PC_AGE","A","2018",40.055248,
"FIN","EDUTRY","55_64","PC_AGE","A","2019",41.015091,
"FIN","EDUTRY","55_64","PC_AGE","A","2020",42.936287,
"FIN","EDUTRY","55_64","PC_AGE","A","2021",37.413074,
"FIN","EDUTRY","55_64","PC_AGE","A","2022",37.849163,
"GRC","EDUTRY","55_64","PC_AGE","A","1987",4.0721383,
"GRC","EDUTRY","55_64","PC_AGE","A","1988",4.4165606,
"GRC","EDUTRY","55_64","PC_AGE","A","1989",4.5195575,
"GRC","EDUTRY","55_64","PC_AGE","A","1990",4.7892108,
"GRC","EDUTRY","55_64","PC_AGE","A","1991",5.1430097,
"GRC","EDUTRY","55_64","PC_AGE","A","1992",5.3297057,
"GRC","EDUTRY","55_64","PC_AGE","A","1993",5.8253632,
"GRC","EDUTRY","55_64","PC_AGE","A","1994",6.3181429,
"GRC","EDUTRY","55_64","PC_AGE","A","1995",6.5446539,
"GRC","EDUTRY","55_64","PC_AGE","A","1996",7.1644545,
"GRC","EDUTRY","55_64","PC_AGE","A","1997",7.5594063,
"GRC","EDUTRY","55_64","PC_AGE","A","1998",7.8684249,
"GRC","EDUTRY","55_64","PC_AGE","A","1999",8.2019939,
"GRC","EDUTRY","55_64","PC_AGE","A","2000",8.3871994,
"GRC","EDUTRY","55_64","PC_AGE","A","2001",8.9105177,
"GRC","EDUTRY","55_64","PC_AGE","A","2002",10.314227,
"GRC","EDUTRY","55_64","PC_AGE","A","2003",11.021863,
"GRC","EDUTRY","55_64","PC_AGE","A","2004",11.989872,
"GRC","EDUTRY","55_64","PC_AGE","A","2005",12.164577,
"GRC","EDUTRY","55_64","PC_AGE","A","2006",13.080483,
"GRC","EDUTRY","55_64","PC_AGE","A","2007",14.176972,
"GRC","EDUTRY","55_64","PC_AGE","A","2008",15.427506,
"GRC","EDUTRY","55_64","PC_AGE","A","2009",14.881011,
"GRC","EDUTRY","55_64","PC_AGE","A","2010",16.390701,
"GRC","EDUTRY","55_64","PC_AGE","A","2011",18.293741,
"GRC","EDUTRY","55_64","PC_AGE","A","2012",19.670248,
"GRC","EDUTRY","55_64","PC_AGE","A","2013",20.816324,
"GRC","EDUTRY","55_64","PC_AGE","A","2014",21.076225,
"GRC","EDUTRY","55_64","PC_AGE","A","2015",20.164082,
"GRC","EDUTRY","55_64","PC_AGE","A","2016",20.874969,
"GRC","EDUTRY","55_64","PC_AGE","A","2017",22.022884,
"GRC","EDUTRY","55_64","PC_AGE","A","2018",21.946674,
"GRC","EDUTRY","55_64","PC_AGE","A","2019",23.115686,
"GRC","EDUTRY","55_64","PC_AGE","A","2020",23.971571,
"GRC","EDUTRY","55_64","PC_AGE","A","2021",26.326948,
"GRC","EDUTRY","55_64","PC_AGE","A","2022",27.828953,
"IRL","EDUTRY","55_64","PC_AGE","A","1989",10.813972,
"IRL","EDUTRY","55_64","PC_AGE","A","1991",9.6076279,
"IRL","EDUTRY","55_64","PC_AGE","A","1992",10.38212,
"IRL","EDUTRY","55_64","PC_AGE","A","1994",11.303427,
"IRL","EDUTRY","55_64","PC_AGE","A","1995",11.010137,
"IRL","EDUTRY","55_64","PC_AGE","A","2000",13.186335,
"IRL","EDUTRY","55_64","PC_AGE","A","2001",13.519325,
"IRL","EDUTRY","55_64","PC_AGE","A","2002",14.288789,
"IRL","EDUTRY","55_64","PC_AGE","A","2003",14.622723,
"IRL","EDUTRY","55_64","PC_AGE","A","2004",15.414967,
"IRL","EDUTRY","55_64","PC_AGE","A","2005",16.740286,
"IRL","EDUTRY","55_64","PC_AGE","A","2006",17.138737,
"IRL","EDUTRY","55_64","PC_AGE","A","2007",17.587715,
"IRL","EDUTRY","55_64","PC_AGE","A","2008",18.634274,
"IRL","EDUTRY","55_64","PC_AGE","A","2009",20.140894,
"IRL","EDUTRY","55_64","PC_AGE","A","2010",21.730202,
"IRL","EDUTRY","55_64","PC_AGE","A","2011",23.07571,
"IRL","EDUTRY","55_64","PC_AGE","A","2012",24.858694,
"IRL","EDUTRY","55_64","PC_AGE","A","2013",25.840607,
"IRL","EDUTRY","55_64","PC_AGE","A","2014",24.311575,
"IRL","EDUTRY","55_64","PC_AGE","A","2015",26.939915,
"IRL","EDUTRY","55_64","PC_AGE","A","2016",29.543598,
"IRL","EDUTRY","55_64","PC_AGE","A","2017",29.879089,
"IRL","EDUTRY","55_64","PC_AGE","A","2018",31.170588,
"IRL","EDUTRY","55_64","PC_AGE","A","2019",32.16758,
"IRL","EDUTRY","55_64","PC_AGE","A","2020",33.423557,
"IRL","EDUTRY","55_64","PC_AGE","A","2021",37.508163,
"IRL","EDUTRY","55_64","PC_AGE","A","2022",38.081379,
"KOR","EDUTRY","55_64","PC_AGE","A","1995",6.6120372,
"KOR","EDUTRY","55_64","PC_AGE","A","1997",6.5261779,
"KOR","EDUTRY","55_64","PC_AGE","A","1998",8.2532072,
"KOR","EDUTRY","55_64","PC_AGE","A","1999",8.4714785,
"KOR","EDUTRY","55_64","PC_AGE","A","2000",8.5314503,
"KOR","EDUTRY","55_64","PC_AGE","A","2001",8.8401642,
"KOR","EDUTRY","55_64","PC_AGE","A","2002",9.0704556,
"KOR","EDUTRY","55_64","PC_AGE","A","2003",9.5131159,
"KOR","EDUTRY","55_64","PC_AGE","A","2004",9.6098127,
"KOR","EDUTRY","55_64","PC_AGE","A","2005",9.9583588,
"KOR","EDUTRY","55_64","PC_AGE","A","2006",10.59866,
"KOR","EDUTRY","55_64","PC_AGE","A","2007",10.962075,
"KOR","EDUTRY","55_64","PC_AGE","A","2008",12.046629,
"KOR","EDUTRY","55_64","PC_AGE","A","2009",13.127126,
"KOR","EDUTRY","55_64","PC_AGE","A","2010",12.760121,
"KOR","EDUTRY","55_64","PC_AGE","A","2011",12.807532,
"KOR","EDUTRY","55_64","PC_AGE","A","2012",13.529098,
"KOR","EDUTRY","55_64","PC_AGE","A","2013",15.070721,
"KOR","EDUTRY","55_64","PC_AGE","A","2014",17.33942,
"KOR","EDUTRY","55_64","PC_AGE","A","2015",18.330021,
"KOR","EDUTRY","55_64","PC_AGE","A","2016",19.659506,
"KOR","EDUTRY","55_64","PC_AGE","A","2017",21.343103,
"KOR","EDUTRY","55_64","PC_AGE","A","2018",23.097208,
"KOR","EDUTRY","55_64","PC_AGE","A","2019",24.380547,
"KOR","EDUTRY","55_64","PC_AGE","A","2020",25.077141,
"KOR","EDUTRY","55_64","PC_AGE","A","2021",25.896082,
"KOR","EDUTRY","55_64","PC_AGE","A","2022",27.284521,
"DNK","EDUTRY","55_64","PC_AGE","A","1981",8.148963,
"DNK","EDUTRY","55_64","PC_AGE","A","1988",10.891089,
"DNK","EDUTRY","55_64","PC_AGE","A","1991",11.887869,
"DNK","EDUTRY","55_64","PC_AGE","A","1992",12.571866,
"DNK","EDUTRY","55_64","PC_AGE","A","1994",13.152792,
"DNK","EDUTRY","55_64","PC_AGE","A","1995",14.278952,
"DNK","EDUTRY","55_64","PC_AGE","A","1998",19.31163,
"DNK","EDUTRY","55_64","PC_AGE","A","1999",19.024092,
"DNK","EDUTRY","55_64","PC_AGE","A","2000",18.240519,
"DNK","EDUTRY","55_64","PC_AGE","A","2001",22.214659,
"DNK","EDUTRY","55_64","PC_AGE","A","2002",24.270222,
"DNK","EDUTRY","55_64","PC_AGE","A","2003",25.858639,
"DNK","EDUTRY","55_64","PC_AGE","A","2004",26.801239,
"DNK","EDUTRY","55_64","PC_AGE","A","2005",27.273354,
"DNK","EDUTRY","55_64","PC_AGE","A","2006",28.469522,
"DNK","EDUTRY","55_64","PC_AGE","A","2007",24.743715,
"DNK","EDUTRY","55_64","PC_AGE","A","2008",24.901405,
"DNK","EDUTRY","55_64","PC_AGE","A","2009",26.927145,
"DNK","EDUTRY","55_64","PC_AGE","A","2010",26.89296,
"DNK","EDUTRY","55_64","PC_AGE","A","2011",27.220882,
"DNK","EDUTRY","55_64","PC_AGE","A","2012",28.055231,
"DNK","EDUTRY","55_64","PC_AGE","A","2013",28.404854,
"DNK","EDUTRY","55_64","PC_AGE","A","2014",29.069925,
"DNK","EDUTRY","55_64","PC_AGE","A","2015",27.946083,
"DNK","EDUTRY","55_64","PC_AGE","A","2016",29.706284,
"DNK","EDUTRY","55_64","PC_AGE","A","2017",30.281456,
"DNK","EDUTRY","55_64","PC_AGE","A","2018",30.057343,
"DNK","EDUTRY","55_64","PC_AGE","A","2019",30.750969,
"DNK","EDUTRY","55_64","PC_AGE","A","2020",29.927095,
"DNK","EDUTRY","55_64","PC_AGE","A","2021",30.549738,
"DNK","EDUTRY","55_64","PC_AGE","A","2022",30.305115,
"DEU","EDUTRY","55_64","PC_AGE","A","1989",11.783573,
"DEU","EDUTRY","55_64","PC_AGE","A","1991",16.523174,
"DEU","EDUTRY","55_64","PC_AGE","A","1992",16.222145,
"DEU","EDUTRY","55_64","PC_AGE","A","1994",17.409414,
"DEU","EDUTRY","55_64","PC_AGE","A","1995",17.615973,
"DEU","EDUTRY","55_64","PC_AGE","A","1997",18.380018,
"DEU","EDUTRY","55_64","PC_AGE","A","1998",19.34388,
"DEU","EDUTRY","55_64","PC_AGE","A","1999",19.407833,
"DEU","EDUTRY","55_64","PC_AGE","A","2000",20.190275,
"DEU","EDUTRY","55_64","PC_AGE","A","2001",20.162554,
"DEU","EDUTRY","55_64","PC_AGE","A","2002",20.606361,
"DEU","EDUTRY","55_64","PC_AGE","A","2003",21.569225,
"DEU","EDUTRY","55_64","PC_AGE","A","2004",22.817194,
"DEU","EDUTRY","55_64","PC_AGE","A","2005",22.922871,
"DEU","EDUTRY","55_64","PC_AGE","A","2006",22.684898,
"DEU","EDUTRY","55_64","PC_AGE","A","2007",23.11722,
"DEU","EDUTRY","55_64","PC_AGE","A","2008",24.40427,
"DEU","EDUTRY","55_64","PC_AGE","A","2009",25.276461,
"DEU","EDUTRY","55_64","PC_AGE","A","2010",25.354836,
"DEU","EDUTRY","55_64","PC_AGE","A","2011",26.202288,
"DEU","EDUTRY","55_64","PC_AGE","A","2012",26.432081,
"DEU","EDUTRY","55_64","PC_AGE","A","2013",26.589605,
"DEU","EDUTRY","55_64","PC_AGE","A","2014",25.469536,
"DEU","EDUTRY","55_64","PC_AGE","A","2015",25.612535,
"DEU","EDUTRY","55_64","PC_AGE","A","2016",26.290979,
"DEU","EDUTRY","55_64","PC_AGE","A","2017",26.336317,
"DEU","EDUTRY","55_64","PC_AGE","A","2018",26.330261,
"DEU","EDUTRY","55_64","PC_AGE","A","2019",26.91873,
"DEU","EDUTRY","55_64","PC_AGE","A","2020",27.56699,
"DEU","EDUTRY","55_64","PC_AGE","A","2021",26.829609,
"DEU","EDUTRY","55_64","PC_AGE","A","2022",27.97724,
"ISL","EDUTRY","55_64","PC_AGE","A","2003",16.535374,
"ISL","EDUTRY","55_64","PC_AGE","A","2004",17.842873,
"ISL","EDUTRY","55_64","PC_AGE","A","2005",20.051516,
"ISL","EDUTRY","55_64","PC_AGE","A","2006",21.035097,
"ISL","EDUTRY","55_64","PC_AGE","A","2007",22.171579,
"ISL","EDUTRY","55_64","PC_AGE","A","2008",23.413286,
"ISL","EDUTRY","55_64","PC_AGE","A","2009",22.902086,
"ISL","EDUTRY","55_64","PC_AGE","A","2010",21.790237,
"ISL","EDUTRY","55_64","PC_AGE","A","2011",22.908571,
"ISL","EDUTRY","55_64","PC_AGE","A","2012",23.954699,
"ISL","EDUTRY","55_64","PC_AGE","A","2013",24.776773,
"ISL","EDUTRY","55_64","PC_AGE","A","2014",27.99505,
"ISL","EDUTRY","55_64","PC_AGE","A","2015",28.342468,
"ISL","EDUTRY","55_64","PC_AGE","A","2016",26.994028,
"ISL","EDUTRY","55_64","PC_AGE","A","2017",28.556139,
"ISL","EDUTRY","55_64","PC_AGE","A","2018",28.869511,
"ISL","EDUTRY","55_64","PC_AGE","A","2019",29.809109,
"ISL","EDUTRY","55_64","PC_AGE","A","2020",31.339321,
"ISL","EDUTRY","55_64","PC_AGE","A","2021",34.419827,
"ISL","EDUTRY","55_64","PC_AGE","A","2022",33.543453,
"JPN","EDUTRY","55_64","PC_AGE","A","1997",13.696893,
"JPN","EDUTRY","55_64","PC_AGE","A","1998",13.22884,
"JPN","EDUTRY","55_64","PC_AGE","A","1999",14.259259,
"JPN","EDUTRY","55_64","PC_AGE","A","2000",15.144083,
"JPN","EDUTRY","55_64","PC_AGE","A","2001",15.143929,
"JPN","EDUTRY","55_64","PC_AGE","A","2002",18.007425,
"JPN","EDUTRY","55_64","PC_AGE","A","2003",19.179735,
"JPN","EDUTRY","55_64","PC_AGE","A","2004",20.636724,
"JPN","EDUTRY","55_64","PC_AGE","A","2005",21.72702,
"JPN","EDUTRY","55_64","PC_AGE","A","2006",22.836405,
"JPN","EDUTRY","55_64","PC_AGE","A","2007",23.830734,
"JPN","EDUTRY","55_64","PC_AGE","A","2008",26.03352,
"JPN","EDUTRY","55_64","PC_AGE","A","2009",27.405741,
"JPN","EDUTRY","55_64","PC_AGE","A","2010",28.969358,
"JPN","EDUTRY","55_64","PC_AGE","A","2011",30.733681,
"JPN","EDUTRY","55_64","PC_AGE","A","2012",32.047646,
"JPN","EDUTRY","55_64","PC_AGE","A","2013",33.763187,
"JPN","EDUTRY","55_64","PC_AGE","A","2014",35.049019,
"JPN","EDUTRY","55_64","PC_AGE","A","2015",38.177181,
"JPN","EDUTRY","55_64","PC_AGE","A","2016",39.72332,
"JPN","EDUTRY","55_64","PC_AGE","A","2017",41.066666,
"JPN","EDUTRY","55_64","PC_AGE","A","2018",43.001347,
"JPN","EDUTRY","55_64","PC_AGE","A","2019",44.489521,
"JPN","EDUTRY","55_64","PC_AGE","A","2020",45.491524,
"JPN","EDUTRY","55_64","PC_AGE","A","2021",47.082767,
"JPN","EDUTRY","55_64","PC_AGE","A","2022",47.843399,
"MEX","EDUTRY","55_64","PC_AGE","A","1997",5.283299,
"MEX","EDUTRY","55_64","PC_AGE","A","1998",4.8032031,
"MEX","EDUTRY","55_64","PC_AGE","A","1999",5.6032977,
"MEX","EDUTRY","55_64","PC_AGE","A","2000",6.9774776,
"MEX","EDUTRY","55_64","PC_AGE","A","2001",7.193738,
"MEX","EDUTRY","55_64","PC_AGE","A","2002",7.2691374,
"MEX","EDUTRY","55_64","PC_AGE","A","2003",7.6701546,
"MEX","EDUTRY","55_64","PC_AGE","A","2004",8.5479517,
"MEX","EDUTRY","55_64","PC_AGE","A","2005",7.0531073,
"MEX","EDUTRY","55_64","PC_AGE","A","2006",7.6171341,
"MEX","EDUTRY","55_64","PC_AGE","A","2007",8.205575,
"MEX","EDUTRY","55_64","PC_AGE","A","2008",8.2567139,
"MEX","EDUTRY","55_64","PC_AGE","A","2009",9.248004,
"MEX","EDUTRY","55_64","PC_AGE","A","2010",10.369165,
"MEX","EDUTRY","55_64","PC_AGE","A","2011",10.753563,
"MEX","EDUTRY","55_64","PC_AGE","A","2012",11.231471,
"MEX","EDUTRY","55_64","PC_AGE","A","2013",11.506743,
"MEX","EDUTRY","55_64","PC_AGE","A","2014",11.814732,
"MEX","EDUTRY","55_64","PC_AGE","A","2015",12.136959,
"MEX","EDUTRY","55_64","PC_AGE","A","2016",12.60333,
"MEX","EDUTRY","55_64","PC_AGE","A","2017",13.356908,
"MEX","EDUTRY","55_64","PC_AGE","A","2018",13.942506,
"MEX","EDUTRY","55_64","PC_AGE","A","2019",13.611008,
"MEX","EDUTRY","55_64","PC_AGE","A","2020",15.106633,
"MEX","EDUTRY","55_64","PC_AGE","A","2021",15.875382,
"MEX","EDUTRY","55_64","PC_AGE","A","2022",15.693532,
"NOR","EDUTRY","55_64","PC_AGE","A","1981",8.584053,
"NOR","EDUTRY","55_64","PC_AGE","A","1989",11.578947,
"NOR","EDUTRY","55_64","PC_AGE","A","1991",14.040998,
"NOR","EDUTRY","55_64","PC_AGE","A","1992",14.248352,
"NOR","EDUTRY","55_64","PC_AGE","A","1994",17.657875,
"NOR","EDUTRY","55_64","PC_AGE","A","1995",17.981199,
"NOR","EDUTRY","55_64","PC_AGE","A","2005",23.931623,
"NOR","EDUTRY","55_64","PC_AGE","A","2006",24.880733,
"NOR","EDUTRY","55_64","PC_AGE","A","2007",26.422018,
"NOR","EDUTRY","55_64","PC_AGE","A","2008",27.997204,
"NOR","EDUTRY","55_64","PC_AGE","A","2009",27.184801,
"NOR","EDUTRY","55_64","PC_AGE","A","2010",27.344284,
"NOR","EDUTRY","55_64","PC_AGE","A","2011",29.249828,
"NOR","EDUTRY","55_64","PC_AGE","A","2012",29.911924,
"NOR","EDUTRY","55_64","PC_AGE","A","2013",30.826307,
"NOR","EDUTRY","55_64","PC_AGE","A","2014",31.675568,
"NOR","EDUTRY","55_64","PC_AGE","A","2015",32.859974,
"NOR","EDUTRY","55_64","PC_AGE","A","2016",32.973148,
"NOR","EDUTRY","55_64","PC_AGE","A","2017",33.182407,
"NOR","EDUTRY","55_64","PC_AGE","A","2018",34.274593,
"NOR","EDUTRY","55_64","PC_AGE","A","2019",34.234402,
"NOR","EDUTRY","55_64","PC_AGE","A","2020",34.497135,
"NOR","EDUTRY","55_64","PC_AGE","A","2021",35.097279,
"NOR","EDUTRY","55_64","PC_AGE","A","2022",35.736195,
"SVK","EDUTRY","55_64","PC_AGE","A","1997",6.0848851,
"SVK","EDUTRY","55_64","PC_AGE","A","1998",6.656548,
"SVK","EDUTRY","55_64","PC_AGE","A","1999",6.8920956,
"SVK","EDUTRY","55_64","PC_AGE","A","2000",7.8068495,
"SVK","EDUTRY","55_64","PC_AGE","A","2001",8.5599833,
"SVK","EDUTRY","55_64","PC_AGE","A","2002",8.5581789,
"SVK","EDUTRY","55_64","PC_AGE","A","2003",8.9019156,
"SVK","EDUTRY","55_64","PC_AGE","A","2004",10.627985,
"SVK","EDUTRY","55_64","PC_AGE","A","2005",11.961649,
"SVK","EDUTRY","55_64","PC_AGE","A","2006",13.311493,
"SVK","EDUTRY","55_64","PC_AGE","A","2007",12.095174,
"SVK","EDUTRY","55_64","PC_AGE","A","2008",10.869204,
"SVK","EDUTRY","55_64","PC_AGE","A","2009",12.136653,
"SVK","EDUTRY","55_64","PC_AGE","A","2010",12.700495,
"SVK","EDUTRY","55_64","PC_AGE","A","2011",13.853285,
"SVK","EDUTRY","55_64","PC_AGE","A","2012",13.681331,
"SVK","EDUTRY","55_64","PC_AGE","A","2013",13.859944,
"SVK","EDUTRY","55_64","PC_AGE","A","2014",13.881691,
"SVK","EDUTRY","55_64","PC_AGE","A","2015",13.394305,
"SVK","EDUTRY","55_64","PC_AGE","A","2016",13.909225,
"SVK","EDUTRY","55_64","PC_AGE","A","2017",15.743619,
"SVK","EDUTRY","55_64","PC_AGE","A","2018",15.587601,
"SVK","EDUTRY","55_64","PC_AGE","A","2019",16.076309,
"SVK","EDUTRY","55_64","PC_AGE","A","2020",17.428858,
"SVK","EDUTRY","55_64","PC_AGE","A","2021",18.334421,
"SVK","EDUTRY","55_64","PC_AGE","A","2022",18.61511,
"BRA","EDUTRY","55_64","PC_AGE","A","2007",8.2109575,
"BRA","EDUTRY","55_64","PC_AGE","A","2008",9.1473169,
"BRA","EDUTRY","55_64","PC_AGE","A","2009",8.9247875,
"BRA","EDUTRY","55_64","PC_AGE","A","2011",9.4752359,
"BRA","EDUTRY","55_64","PC_AGE","A","2012",10.18331,
"BRA","EDUTRY","55_64","PC_AGE","A","2013",10.721239,
"BRA","EDUTRY","55_64","PC_AGE","A","2014",11.153675,
"BRA","EDUTRY","55_64","PC_AGE","A","2015",11.50403,
"BRA","EDUTRY","55_64","PC_AGE","A","2016",13.726589,
"BRA","EDUTRY","55_64","PC_AGE","A","2017",13.717048,
"BRA","EDUTRY","55_64","PC_AGE","A","2018",14.273072,
"BRA","EDUTRY","55_64","PC_AGE","A","2019",14.169739,
"BRA","EDUTRY","55_64","PC_AGE","A","2020",14.941814,
"BRA","EDUTRY","55_64","PC_AGE","A","2021",15.340699,
"BRA","EDUTRY","55_64","PC_AGE","A","2022",15.326705,
"ISR","EDUTRY","55_64","PC_AGE","A","2002",41.807297,
"ISR","EDUTRY","55_64","PC_AGE","A","2003",43.141945,
"ISR","EDUTRY","55_64","PC_AGE","A","2005",42.467461,
"ISR","EDUTRY","55_64","PC_AGE","A","2007",43.477528,
"ISR","EDUTRY","55_64","PC_AGE","A","2008",44.147209,
"ISR","EDUTRY","55_64","PC_AGE","A","2009",45.017868,
"ISR","EDUTRY","55_64","PC_AGE","A","2010",44.575302,
"ISR","EDUTRY","55_64","PC_AGE","A","2011",45.329151,
"ISR","EDUTRY","55_64","PC_AGE","A","2012",46.521183,
"ISR","EDUTRY","55_64","PC_AGE","A","2013",46.746094,
"ISR","EDUTRY","55_64","PC_AGE","A","2014",47.39373,
"ISR","EDUTRY","55_64","PC_AGE","A","2015",47.231915,
"ISR","EDUTRY","55_64","PC_AGE","A","2016",47.615772,
"ISR","EDUTRY","55_64","PC_AGE","A","2017",48.143841,
"ISR","EDUTRY","55_64","PC_AGE","A","2018",46.966572,
"ISR","EDUTRY","55_64","PC_AGE","A","2019",46.874813,
"ISR","EDUTRY","55_64","PC_AGE","A","2020",46.143837,
"ISR","EDUTRY","55_64","PC_AGE","A","2021",46.290798,
"ISR","EDUTRY","55_64","PC_AGE","A","2022",47.229183,
"ARG","EDUTRY","55_64","PC_AGE","A","2004",13.253576,
"ARG","EDUTRY","55_64","PC_AGE","A","2005",13.840585,
"ARG","EDUTRY","55_64","PC_AGE","A","2006",14.24198,
"ARG","EDUTRY","55_64","PC_AGE","A","2008",15.59493,
"ARG","EDUTRY","55_64","PC_AGE","A","2009",16.165277,
"ARG","EDUTRY","55_64","PC_AGE","A","2010",16.495468,
"ARG","EDUTRY","55_64","PC_AGE","A","2011",16.534599,
"ARG","EDUTRY","55_64","PC_AGE","A","2012",16.770933,
"ARG","EDUTRY","55_64","PC_AGE","A","2013",18.319736,
"ARG","EDUTRY","55_64","PC_AGE","A","2014",17.639269,
"ARG","EDUTRY","55_64","PC_AGE","A","2017",21.526859,
"ARG","EDUTRY","55_64","PC_AGE","A","2018",21.09399,
"ARG","EDUTRY","55_64","PC_AGE","A","2019",21.422487,
"ARG","EDUTRY","55_64","PC_AGE","A","2020",21.524534,
"ARG","EDUTRY","55_64","PC_AGE","A","2021",24.851294,
"COL","EDUTRY","55_64","PC_AGE","A","2010",11.25213,
"COL","EDUTRY","55_64","PC_AGE","A","2011",11.953431,
"COL","EDUTRY","55_64","PC_AGE","A","2012",12.384232,
"COL","EDUTRY","55_64","PC_AGE","A","2013",13.69706,
"COL","EDUTRY","55_64","PC_AGE","A","2014",14.358308,
"COL","EDUTRY","55_64","PC_AGE","A","2015",14.488568,
"COL","EDUTRY","55_64","PC_AGE","A","2016",14.622467,
"COL","EDUTRY","55_64","PC_AGE","A","2017",14.610387,
"COL","EDUTRY","55_64","PC_AGE","A","2018",15.275399,
"COL","EDUTRY","55_64","PC_AGE","A","2019",15.485025,
"COL","EDUTRY","55_64","PC_AGE","A","2020",15.884255,
"COL","EDUTRY","55_64","PC_AGE","A","2021",18.292406,
"COL","EDUTRY","55_64","PC_AGE","A","2022",19.102085,
"IND","EDUTRY","55_64","PC_AGE","A","2011",6.8994546,
"IND","EDUTRY","55_64","PC_AGE","A","2012",4.2033691,
"IND","EDUTRY","55_64","PC_AGE","A","2018",6.1085997,
"IND","EDUTRY","55_64","PC_AGE","A","2019",6.5927796,
"IND","EDUTRY","55_64","PC_AGE","A","2020",6.7161007,
"IND","EDUTRY","55_64","PC_AGE","A","2022",6.4669428,
"IDN","EDUTRY","55_64","PC_AGE","A","2004",4.257473,
"IDN","EDUTRY","55_64","PC_AGE","A","2005",2.7216642,
"IDN","EDUTRY","55_64","PC_AGE","A","2006",2.7391353,
"IDN","EDUTRY","55_64","PC_AGE","A","2007",3.5469384,
"IDN","EDUTRY","55_64","PC_AGE","A","2008",3.170661,
"IDN","EDUTRY","55_64","PC_AGE","A","2009",4.1592183,
"IDN","EDUTRY","55_64","PC_AGE","A","2010",4.3940816,
"IDN","EDUTRY","55_64","PC_AGE","A","2011",4.4167275,
"IDN","EDUTRY","55_64","PC_AGE","A","2012",4.7196341,
"IDN","EDUTRY","55_64","PC_AGE","A","2013",5.1742096,
"IDN","EDUTRY","55_64","PC_AGE","A","2014",5.2213736,
"IDN","EDUTRY","55_64","PC_AGE","A","2015",6.2710619,
"IDN","EDUTRY","55_64","PC_AGE","A","2016",6.7332129,
"IDN","EDUTRY","55_64","PC_AGE","A","2017",7.2144108,
"IDN","EDUTRY","55_64","PC_AGE","A","2018",7.5555267,
"IDN","EDUTRY","55_64","PC_AGE","A","2019",7.9314756,
"IDN","EDUTRY","55_64","PC_AGE","A","2020",8.4472475,
"IDN","EDUTRY","55_64","PC_AGE","A","2021",8.8163404,
"IDN","EDUTRY","55_64","PC_AGE","A","2022",8.806716,
"LVA","EDUTRY","55_64","PC_AGE","A","1996",14.14694,
"LVA","EDUTRY","55_64","PC_AGE","A","1997",12.885471,
"LVA","EDUTRY","55_64","PC_AGE","A","1998",13.047331,
"LVA","EDUTRY","55_64","PC_AGE","A","1999",13.946254,
"LVA","EDUTRY","55_64","PC_AGE","A","2000",15.157318,
"LVA","EDUTRY","55_64","PC_AGE","A","2001",15.454865,
"LVA","EDUTRY","55_64","PC_AGE","A","2002",17.130205,
"LVA","EDUTRY","55_64","PC_AGE","A","2003",17.199505,
"LVA","EDUTRY","55_64","PC_AGE","A","2004",18.589916,
"LVA","EDUTRY","55_64","PC_AGE","A","2005",19.334545,
"LVA","EDUTRY","55_64","PC_AGE","A","2006",17.76734,
"LVA","EDUTRY","55_64","PC_AGE","A","2007",17.824389,
"LVA","EDUTRY","55_64","PC_AGE","A","2008",21.382633,
"LVA","EDUTRY","55_64","PC_AGE","A","2009",21.799067,
"LVA","EDUTRY","55_64","PC_AGE","A","2010",22.00695,
"LVA","EDUTRY","55_64","PC_AGE","A","2011",20.68063,
"LVA","EDUTRY","55_64","PC_AGE","A","2012",22.048847,
"LVA","EDUTRY","55_64","PC_AGE","A","2013",24.828592,
"LVA","EDUTRY","55_64","PC_AGE","A","2014",23.0198,
"LVA","EDUTRY","55_64","PC_AGE","A","2015",24.735071,
"LVA","EDUTRY","55_64","PC_AGE","A","2016",26.995855,
"LVA","EDUTRY","55_64","PC_AGE","A","2017",27.114574,
"LVA","EDUTRY","55_64","PC_AGE","A","2018",25.889235,
"LVA","EDUTRY","55_64","PC_AGE","A","2019",27.810316,
"LVA","EDUTRY","55_64","PC_AGE","A","2020",29.316635,
"LVA","EDUTRY","55_64","PC_AGE","A","2021",29.892599,
"LVA","EDUTRY","55_64","PC_AGE","A","2022",30.060211,
"LTU","EDUTRY","55_64","PC_AGE","A","2000",33.553852,
"LTU","EDUTRY","55_64","PC_AGE","A","2005",19.10815,
"LTU","EDUTRY","55_64","PC_AGE","A","2006",18.580326,
"LTU","EDUTRY","55_64","PC_AGE","A","2007",21.020296,
"LTU","EDUTRY","55_64","PC_AGE","A","2008",22.834255,
"LTU","EDUTRY","55_64","PC_AGE","A","2009",22.481855,
"LTU","EDUTRY","55_64","PC_AGE","A","2010",23.084454,
"LTU","EDUTRY","55_64","PC_AGE","A","2011",24.281687,
"LTU","EDUTRY","55_64","PC_AGE","A","2012",25.222584,
"LTU","EDUTRY","55_64","PC_AGE","A","2013",25.882751,
"LTU","EDUTRY","55_64","PC_AGE","A","2014",27.637457,
"LTU","EDUTRY","55_64","PC_AGE","A","2015",29.536377,
"LTU","EDUTRY","55_64","PC_AGE","A","2016",30.686686,
"LTU","EDUTRY","55_64","PC_AGE","A","2017",29.454435,
"LTU","EDUTRY","55_64","PC_AGE","A","2018",30.099237,
"LTU","EDUTRY","55_64","PC_AGE","A","2019",30.421673,
"LTU","EDUTRY","55_64","PC_AGE","A","2020",31.322334,
"LTU","EDUTRY","55_64","PC_AGE","A","2021",31.503212,
"LTU","EDUTRY","55_64","PC_AGE","A","2022",33.28376,
"SAU","EDUTRY","55_64","PC_AGE","A","2014",15.455496,
"ZAF","EDUTRY","55_64","PC_AGE","A","2010",6.353498,
"ZAF","EDUTRY","55_64","PC_AGE","A","2011",7.2154803,
"ZAF","EDUTRY","55_64","PC_AGE","A","2012",8.6553812,
"ZAF","EDUTRY","55_64","PC_AGE","A","2013",11.179932,
"ZAF","EDUTRY","55_64","PC_AGE","A","2014",11.532671,
"ZAF","EDUTRY","55_64","PC_AGE","A","2015",11.904675,
"ZAF","EDUTRY","55_64","PC_AGE","A","2016",13.260135,
"ZAF","EDUTRY","55_64","PC_AGE","A","2017",13.357006,
"ZAF","EDUTRY","55_64","PC_AGE","A","2018",14.718273,
"ZAF","EDUTRY","55_64","PC_AGE","A","2019",14.552908,
"ZAF","EDUTRY","55_64","PC_AGE","A","2020",14.615853,
"ZAF","EDUTRY","55_64","PC_AGE","A","2022",12.530725,
"CRI","EDUTRY","55_64","PC_AGE","A","1987",4.2320623,
"CRI","EDUTRY","55_64","PC_AGE","A","1988",5.2582932,
"CRI","EDUTRY","55_64","PC_AGE","A","1989",5.4039202,
"CRI","EDUTRY","55_64","PC_AGE","A","1990",5.7034144,
"CRI","EDUTRY","55_64","PC_AGE","A","1991",5.0872273,
"CRI","EDUTRY","55_64","PC_AGE","A","1992",6.6619048,
"CRI","EDUTRY","55_64","PC_AGE","A","1993",6.7861753,
"CRI","EDUTRY","55_64","PC_AGE","A","1994",7.6632152,
"CRI","EDUTRY","55_64","PC_AGE","A","1995",8.7802496,
"CRI","EDUTRY","55_64","PC_AGE","A","1996",8.9796467,
"CRI","EDUTRY","55_64","PC_AGE","A","1997",10.162616,
"CRI","EDUTRY","55_64","PC_AGE","A","1998",13.866374,
"CRI","EDUTRY","55_64","PC_AGE","A","1999",10.48661,
"CRI","EDUTRY","55_64","PC_AGE","A","2000",10.679012,
"CRI","EDUTRY","55_64","PC_AGE","A","2001",12.772071,
"CRI","EDUTRY","55_64","PC_AGE","A","2002",11.841963,
"CRI","EDUTRY","55_64","PC_AGE","A","2003",12.709945,
"CRI","EDUTRY","55_64","PC_AGE","A","2004",14.542072,
"CRI","EDUTRY","55_64","PC_AGE","A","2005",14.475554,
"CRI","EDUTRY","55_64","PC_AGE","A","2006",14.083977,
"CRI","EDUTRY","55_64","PC_AGE","A","2007",17.810022,
"CRI","EDUTRY","55_64","PC_AGE","A","2008",20.068699,
"CRI","EDUTRY","55_64","PC_AGE","A","2009",20.493906,
"CRI","EDUTRY","55_64","PC_AGE","A","2010",17.624453,
"CRI","EDUTRY","55_64","PC_AGE","A","2011",20.239185,
"CRI","EDUTRY","55_64","PC_AGE","A","2012",23.4566,
"CRI","EDUTRY","55_64","PC_AGE","A","2013",20.306833,
"CRI","EDUTRY","55_64","PC_AGE","A","2014",20.68379,
"CRI","EDUTRY","55_64","PC_AGE","A","2015",20.201075,
"CRI","EDUTRY","55_64","PC_AGE","A","2016",21.284702,
"CRI","EDUTRY","55_64","PC_AGE","A","2017",19.075848,
"CRI","EDUTRY","55_64","PC_AGE","A","2018",18.074013,
"CRI","EDUTRY","55_64","PC_AGE","A","2019",20.365545,
"CRI","EDUTRY","55_64","PC_AGE","A","2020",20.935749,
"CRI","EDUTRY","55_64","PC_AGE","A","2021",18.763405,
"CRI","EDUTRY","55_64","PC_AGE","A","2022",20.095444,
"OAVG","EDUTRY","55_64","PC_AGE","A","1998",13.42411,
"OAVG","EDUTRY","55_64","PC_AGE","A","1999",13.745442,
"OAVG","EDUTRY","55_64","PC_AGE","A","2000",15.309753,
"OAVG","EDUTRY","55_64","PC_AGE","A","2001",15.277989,
"OAVG","EDUTRY","55_64","PC_AGE","A","2002",16.955785,
"OAVG","EDUTRY","55_64","PC_AGE","A","2003",17.947956,
"OAVG","EDUTRY","55_64","PC_AGE","A","2004",18.084075,
"OAVG","EDUTRY","55_64","PC_AGE","A","2005",19.507413,
"OAVG","EDUTRY","55_64","PC_AGE","A","2006",19.336017,
"OAVG","EDUTRY","55_64","PC_AGE","A","2007",20.564438,
"OAVG","EDUTRY","55_64","PC_AGE","A","2008",21.51382,
"OAVG","EDUTRY","55_64","PC_AGE","A","2009",22.016387,
"OAVG","EDUTRY","55_64","PC_AGE","A","2010",22.224696,
"OAVG","EDUTRY","55_64","PC_AGE","A","2011",22.769621,
"OAVG","EDUTRY","55_64","PC_AGE","A","2012",23.837997,
"OAVG","EDUTRY","55_64","PC_AGE","A","2013",24.094286,
"OAVG","EDUTRY","55_64","PC_AGE","A","2014",25.194987,
"OAVG","EDUTRY","55_64","PC_AGE","A","2015",25.287476,
"OAVG","EDUTRY","55_64","PC_AGE","A","2016",26.266188,
"OAVG","EDUTRY","55_64","PC_AGE","A","2017",26.345527,
"OAVG","EDUTRY","55_64","PC_AGE","A","2018",27.370798,
"OAVG","EDUTRY","55_64","PC_AGE","A","2019",28.35258,
"OAVG","EDUTRY","55_64","PC_AGE","A","2020",29.303619,
"OAVG","EDUTRY","55_64","PC_AGE","A","2021",29.716993,
"OAVG","EDUTRY","55_64","PC_AGE","A","2022",30.319713,
"G20","EDUTRY","55_64","PC_AGE","A","2010",19.282866,
"G20","EDUTRY","55_64","PC_AGE","A","2011",19.341194,
"G20","EDUTRY","55_64","PC_AGE","A","2012",20.050259,
"G20","EDUTRY","55_64","PC_AGE","A","2018",25.246797,
"G20","EDUTRY","55_64","PC_AGE","A","2019",24.313228,
"G20","EDUTRY","55_64","PC_AGE","A","2020",25.918264,
"G20","EDUTRY","55_64","PC_AGE","A","2022",25.953946,
"BGR","EDUTRY","55_64","PC_AGE","A","2015",23.394281,
"BGR","EDUTRY","55_64","PC_AGE","A","2022",24.033226,
"ROU","EDUTRY","55_64","PC_AGE","A","2015",9.3483505,
"ROU","EDUTRY","55_64","PC_AGE","A","2021",9.9803381,
"ROU","EDUTRY","55_64","PC_AGE","A","2022",10.387609,
